,Unnamed: 0,raw_text,aspectTerms
0,0,I liked the aluminum body.,"[{'term': 'aluminum body', 'polarity': 'positive'}]"
1,1,Lightweight and the screen is beautiful!,"[{'term': 'screen', 'polarity': 'positive'}]"
2,2,"From the build quality to the performance, everything about it has been sub-par from what I would have expected from Apple.","[{'term': 'build quality', 'polarity': 'negative'}, {'term': 'performance', 'polarity': 'negative'}]"
3,3,It was truly a great computer costing less than one thousand bucks before tax.,"[{'term': 'costing', 'polarity': 'positive'}]"
4,4,Boots up fast and runs great!,"[{'term': 'Boots up', 'polarity': 'positive'}, {'term': 'runs', 'polarity': 'positive'}]"
5,5,"Call tech support, standard email the form and fax it back in to us.","[{'term': 'tech support', 'polarity': 'neutral'}]"
6,6,The service I received from Toshiba went above and beyond the call of duty.,"[{'term': 'service', 'polarity': 'positive'}]"
7,7,I would recommend it just because of the internet speed probably because thats the only thing i really care about.,"[{'term': 'internet speed', 'polarity': 'positive'}]"
8,8,The screen shows great colors.,"[{'term': 'screen', 'polarity': 'positive'}]"
9,9,"The battery life has not decreased since I bought it, so i'm thrilled with that.","[{'term': 'battery life', 'polarity': 'positive'}]"
10,10,The price and features more than met my needs.,"[{'term': 'price', 'polarity': 'positive'}, {'term': 'features', 'polarity': 'positive'}]"
11,11,the mouse buttons are hard to push.,"[{'term': 'mouse buttons', 'polarity': 'negative'}]"
12,12,This is the complete opposite to an ergonomic design.,"[{'term': 'design', 'polarity': 'negative'}]"
13,13,The technical service for dell is so 3rd world it might as well not even bother.,"[{'term': 'technical service', 'polarity': 'negative'}]"
14,14,The built in camera is very useful when chatting with other techs in remote buildings on our campus.,"[{'term': 'built in camera', 'polarity': 'positive'}]"
15,15,Keyboard good sized and wasy to use.,"[{'term': 'Keyboard', 'polarity': 'positive'}]"
16,16,Great wifi too.,"[{'term': 'wifi', 'polarity': 'positive'}]"
17,17,Games being the main issue.,"[{'term': 'Games', 'polarity': 'negative'}]"
18,18,The price is another driving influence that made me purchase this laptop.,"[{'term': 'price', 'polarity': 'positive'}]"
19,19,But see the macbook pro is different because it may have a huge price tag but it comes with the full software that you would actually need and most of it has free future updates.,"[{'term': 'price tag', 'polarity': 'negative'}, {'term': 'software', 'polarity': 'positive'}, {'term': 'updates', 'polarity': 'positive'}]"
20,20,It's a great product for a great price!,"[{'term': 'price', 'polarity': 'positive'}]"
21,21,Excellent speed for processing data.,"[{'term': 'speed', 'polarity': 'positive'}]"
22,22,"The Macbook arrived in a nice twin packing and sealed in the box, all the functions works great.","[{'term': 'twin packing', 'polarity': 'positive'}, {'term': 'functions', 'polarity': 'positive'}]"
23,23,The switchable graphic card is pretty sweet when you want gaming on the laptop.,"[{'term': 'switchable graphic card', 'polarity': 'positive'}, {'term': 'gaming', 'polarity': 'neutral'}]"
24,24,I would like at least a 4 hr. battery life.,"[{'term': 'battery life', 'polarity': 'neutral'}]"
25,25,It has good speed and plenty of hard drive space.,"[{'term': 'speed', 'polarity': 'positive'}, {'term': 'hard drive space', 'polarity': 'positive'}]"
26,26,"The driver updates don't fix the issue, very frustrating.","[{'term': 'driver updates', 'polarity': 'negative'}]"
27,27,Im glad that it has such great features in it.,"[{'term': 'features', 'polarity': 'positive'}]"
28,28,I always have used a tower home PC and jumped to the laptop and have been very satisfied with its performance.,"[{'term': 'performance', 'polarity': 'positive'}]"
29,29,My sister has the same Mac as me and she is in a band and uses GarageBand to record and edit.,"[{'term': 'GarageBand', 'polarity': 'neutral'}]"
30,30,and looks very sexyy:D really the mac book pro is the best laptop specially for students in college if you are not caring about price.,"[{'term': 'price', 'polarity': 'negative'}]"
31,31,"Also, the extended warranty was a problem.","[{'term': 'extended warranty', 'polarity': 'negative'}]"
32,32,"My opinion of Sony has been dropping as fast as the stock market, given their horrible support, but this machine just caused another plunge.","[{'term': 'support', 'polarity': 'negative'}]"
33,33,I also liked the glass screen.,"[{'term': 'glass screen', 'polarity': 'positive'}]"
34,34,"When I called Toshiba, they would not do anything and even tried to charge me $35 for the phone call, even though they didn't offer any technical support.","[{'term': 'technical support', 'polarity': 'negative'}]"
35,35,"(Beware, their staff could send you back making you feel that only they know what a computer is.","[{'term': 'staff', 'polarity': 'negative'}]"
36,36,The only thing that I don't like about my mac is that sometimes there are programs that I want to be able to run and I am not able to.,"[{'term': 'programs', 'polarity': 'negative'}]"
37,37,"Wireless has not been a issue for me, like some others have meantioned.","[{'term': 'Wireless', 'polarity': 'positive'}]"
38,38,"MacBook Notebooks quickly die out because of their short battery life, as well as the many background programs that run without the user's knowlede.","[{'term': 'battery life', 'polarity': 'negative'}, {'term': 'background programs', 'polarity': 'negative'}]"
39,39,All for such a great price.,"[{'term': 'price', 'polarity': 'positive'}]"
40,1222,The resolution on the screen is almost pure HD.,"[{'term': 'resolution on the screen', 'polarity': 'positive'}]"
41,1223,"With all the programs that came with it, such as iLife and iWork, I was set from the very beginning.","[{'term': 'programs', 'polarity': 'neutral'}, {'term': 'iLife', 'polarity': 'neutral'}, {'term': 'iWork', 'polarity': 'neutral'}]"
42,1224,"Not sure how I recommend it for quality gaming, as I have a desktop rig for that reason.","[{'term': 'gaming', 'polarity': 'negative'}]"
43,1225,"Great value, fast delivery- Computer works as if brand new, no problems, very pleased","[{'term': 'delivery', 'polarity': 'positive'}, {'term': 'value', 'polarity': 'positive'}]"
44,1226,The Internet Explorer was very slow from the very beginning.,"[{'term': 'Internet Explorer', 'polarity': 'negative'}]"
45,1227,The AC power port becomes loose over time,"[{'term': 'AC power port', 'polarity': 'negative'}]"
46,1228,"As a user of a PC, I will will admit that the macBook Pro has a better running system in which I found myself ""Getting the job done quicker.","[{'term': 'running system', 'polarity': 'positive'}]"
47,1229,"There are no gold key numbers too intall programs, you must use the serial numbers that it does not accept and then things are limited as far a working because they are only good for a short time.","[{'term': 'programs', 'polarity': 'negative'}]"
48,1230,and they replaced the awesome ergonomic small lightweight power supply with a power supply that weighed more than the machine itself.,"[{'term': 'power supply', 'polarity': 'positive'}, {'term': 'power supply', 'polarity': 'negative'}]"
49,1231,Enjoy that Toshib force and durability unparalleled,"[{'term': 'force', 'polarity': 'positive'}, {'term': 'durability', 'polarity': 'positive'}]"
50,1232,Which is great I am running Vista Business and scored a 5.X on the index I have never seen a windows machine have a total score in the 5's.,"[{'term': 'Vista Business', 'polarity': 'positive'}]"
51,1233,"I use the computer to basically check emails, surf the web, print coupons and for my college papers.","[{'term': 'surf the web', 'polarity': 'neutral'}]"
52,1234,"We love the size of the screen, although it is still lightweight and very easy to tote around.","[{'term': 'size of the screen', 'polarity': 'positive'}, {'term': 'tote', 'polarity': 'positive'}]"
53,1235,so the fact that the computer does not work on the 24 twenty fourth day is my fault.,"[{'term': 'work', 'polarity': 'negative'}]"
54,1236,"I would definitely reccomend this if you are in the market for an easy to use, stylish, fun, awesome computer.","[{'term': 'use', 'polarity': 'positive'}]"
55,1237,  the battery is irreplaceable.,"[{'term': 'battery', 'polarity': 'negative'}]"
56,1238,"If you want a little more custom ability, drop a few bucks and upgrade to one of the more robust versions of Win 7 and grab a 2GB stick of memory to spice it all up a bit more.","[{'term': 'Win 7', 'polarity': 'positive'}, {'term': '2GB stick of memory', 'polarity': 'positive'}]"
57,1239,"I have never really been big on downloading anything so I wasn't too worried about getting a virus, plus I thought I was protected by Norton.","[{'term': 'Norton', 'polarity': 'negative'}]"
58,1240,"The internet was locekd and froze every time it was trying to be used, and the command prompt would not work at all.","[{'term': 'internet', 'polarity': 'negative'}, {'term': 'command prompt', 'polarity': 'negative'}]"
59,1241,It's software and speed enable it to do amazing things.,"[{'term': 'software', 'polarity': 'positive'}, {'term': 'speed', 'polarity': 'positive'}]"
60,1242,Could not keep up with me and finally the hard drive went out.,"[{'term': 'hard drive', 'polarity': 'negative'}]"
61,1243,"I am most impressed with the programming, including the iPhoto.","[{'term': 'programming', 'polarity': 'positive'}, {'term': 'iPhoto', 'polarity': 'positive'}]"
62,1244,Speakers too small to be of any real use.,"[{'term': 'Speakers', 'polarity': 'negative'}]"
63,1245,"I upgraded it's RAM to 2GB, I am very happy with it.","[{'term': 'RAM', 'polarity': 'positive'}]"
64,1246,I purchased a Toshiba Satellite M60 (with harman/kardon speakers!) in December of 2005.,"[{'term': 'speakers', 'polarity': 'positive'}]"
65,1247,They should have included more memory on their computers if they knew Vista would run slowly.,"[{'term': 'memory', 'polarity': 'negative'}, {'term': 'Vista', 'polarity': 'negative'}]"
66,1248,Battery life could be better but overall for the price and Toshiba's reputation for laptops it's great!,"[{'term': 'Battery life', 'polarity': 'negative'}, {'term': 'price', 'polarity': 'positive'}]"
67,1249,"The battery never held a charge longer than one hour and within two months, stopped holding a charge for more than ten minutes.","[{'term': 'battery', 'polarity': 'negative'}, {'term': 'charge', 'polarity': 'negative'}, {'term': 'charge', 'polarity': 'negative'}]"
68,1250,  After the warrenty expired the hard drive went bad and it would have cost more to fix then to replace.,"[{'term': 'warrenty', 'polarity': 'neutral'}, {'term': 'hard drive', 'polarity': 'negative'}]"
69,1251,"The Windows 7 Starter is, in my opinion, a great way to think about using your netbook: basics, basics, basics.","[{'term': 'Windows 7 Starter', 'polarity': 'positive'}]"
70,1252,The neat and organized icon list is a welcome change from cluttered and confusing desktop icons.,"[{'term': 'icon list', 'polarity': 'positive'}, {'term': 'desktop icons', 'polarity': 'negative'}]"
71,1253,I purchased this netbook after my original Toshiba laptop crashed right after the warranty expired.,"[{'term': 'warranty', 'polarity': 'negative'}]"
72,1254,"Apparently well-built and gorgeous to look at, the i5 MacBook Pro is a winning combination of price and performance.","[{'term': 'price', 'polarity': 'positive'}, {'term': 'performance', 'polarity': 'positive'}, {'term': 'built', 'polarity': 'positive'}, {'term': 'look', 'polarity': 'positive'}]"
73,1255,"The apple care has never failed me, and I expect it to be the same for this computer as well.","[{'term': 'apple care', 'polarity': 'positive'}]"
74,1256,The Toshiba laptop I am using is easier to use than most I have tried.,"[{'term': 'use', 'polarity': 'positive'}]"
75,1257,"So I called Compaq, and after being on the phone for 3 hours, i finally got a replacement which I shouldn't have had a problem getting since it was under warranty.","[{'term': 'warranty', 'polarity': 'neutral'}]"
76,1258,So we exchanged it for the same on and after 2 hours it didn't work.,"[{'term': 'work', 'polarity': 'negative'}]"
77,1259,"I love the size, keyboard, the functions.","[{'term': 'size', 'polarity': 'positive'}, {'term': 'keyboard', 'polarity': 'positive'}, {'term': 'functions', 'polarity': 'positive'}]"
78,1260,the mouse is way way way to sensitve.,"[{'term': 'mouse', 'polarity': 'negative'}]"
79,1261,The OS is still as fast as the day that the laptop was purchased and continues to run flawlessly.,"[{'term': 'OS', 'polarity': 'positive'}, {'term': 'run', 'polarity': 'positive'}]"
80,1262,"Also, I issued a replacement RMA for a few dead pixels in the upper zone of the screen, which is noticable to me.","[{'term': 'screen', 'polarity': 'negative'}]"
81,1263,"After way too many times sending the thing in for repairs (delivery service was slow, and without the laptop I had no access to the internet, and thus no way of tracking it to find out when I might hope to see my computer again), it finally kicked the bucket after just over 2 years.","[{'term': 'delivery service', 'polarity': 'negative'}]"
82,1264,"My friend reports the notebook is astonishing in performance, picture quality, and ease of use.","[{'term': 'performance', 'polarity': 'positive'}, {'term': 'picture quality', 'polarity': 'positive'}, {'term': 'use', 'polarity': 'positive'}]"
83,1265,the i3 processor doesn't seem to run hot and the fan rarely turns on.,"[{'term': 'i3 processor', 'polarity': 'positive'}, {'term': 'fan', 'polarity': 'positive'}]"
84,1266,"  The battery never held a charge longer than one hour and within two months, stopped holding a charge for more than ten minutes.","[{'term': 'battery', 'polarity': 'negative'}, {'term': 'charge', 'polarity': 'negative'}, {'term': 'charge', 'polarity': 'negative'}]"
85,1267,"  Another THREE weeks later I had my laptop back with a new mousepad, keys, and casing.","[{'term': 'mousepad', 'polarity': 'neutral'}, {'term': 'keys', 'polarity': 'neutral'}, {'term': 'casing', 'polarity': 'neutral'}]"
86,1268,See when it comes to laptops you buy it and get just a normal operating system with trials of must need stuff that should come with it.,"[{'term': 'operating system', 'polarity': 'neutral'}]"
87,1269,"The only thing I don't understand is that the resolution of the screen isn't high enough for some pages, such as Yahoo!Mail.","[{'term': 'resolution of the screen', 'polarity': 'negative'}]"
88,1270,"The only thing I wish this had was the option to turn off the touchpad with a button like my big 16"" laptop does.","[{'term': 'touchpad', 'polarity': 'negative'}]"
89,1271,very convenient when you travel and the battery life is excellent...,"[{'term': 'battery life', 'polarity': 'positive'}]"
90,1272,  The machine is slow to boot up and occasionally crashes completely.,"[{'term': 'boot up', 'polarity': 'negative'}]"
91,1273,This is great if you have several lectures back to back and don't have a chance to charge during one of the lectures.,"[{'term': 'charge', 'polarity': 'positive'}]"
92,1274,I wish Toshiba would allow their customers to select an option that only boots the OS at setup and removes all the unnecessary stuff.,"[{'term': 'OS', 'polarity': 'neutral'}]"
93,1275,the screen brightness automatically adjusts.,"[{'term': 'screen brightness', 'polarity': 'neutral'}]"
94,1276,I especially like the backlit keyboard.,"[{'term': 'backlit keyboard', 'polarity': 'positive'}]"
95,1277,"Besides the great look, it is a great machine.","[{'term': 'look', 'polarity': 'positive'}]"
96,1278,"My laptop cost approximately $2,300 and DIED after only 2-years, 10-months and 18-days of use.","[{'term': 'cost', 'polarity': 'negative'}]"
97,1279,"The sound is a bit quiet if you're on a plane, this can easily be overcome with a decent pair of head phones.","[{'term': 'sound', 'polarity': 'negative'}]"
98,1280,(The SATA controller is the motherboard chip that lets the CPU talk to the hard drive.),"[{'term': 'SATA controller', 'polarity': 'neutral'}, {'term': 'motherboard chip', 'polarity': 'neutral'}, {'term': 'CPU', 'polarity': 'neutral'}, {'term': 'hard drive', 'polarity': 'neutral'}]"
99,1281,The buttons you have to press a little harder than most.,"[{'term': 'buttons', 'polarity': 'negative'}]"
100,1282,"The battery life was supposed to be 6 hours, but even if I ran off the battery with the high effeciency setting the battery would only last me on average about 2.5 to 3 hours.","[{'term': 'battery life', 'polarity': 'negative'}, {'term': 'battery', 'polarity': 'neutral'}, {'term': 'battery', 'polarity': 'negative'}]"
101,1283,Right size and weight for portability.,"[{'term': 'size', 'polarity': 'positive'}, {'term': 'weight', 'polarity': 'positive'}, {'term': 'portability', 'polarity': 'positive'}]"
102,1284,"  It was loaded with Windows Vista Home Premium--delivered with only 1GB of RAM, and it was a *dog*.","[{'term': 'Windows Vista Home Premium', 'polarity': 'neutral'}, {'term': '1GB of RAM', 'polarity': 'negative'}]"
103,1285,The reflectiveness of the display is only a minor inconvenience if you work in a controlled-lighting environment like me (I prefer it dark) or if you can crank up the brightness.,"[{'term': 'display', 'polarity': 'negative'}, {'term': 'brightness', 'polarity': 'neutral'}]"
104,1286,My one complaint with this laptop is that I've noticed an electronic fuzz sound coming out of the headphone jack when headphones are plugged in.,"[{'term': 'electronic fuzz sound', 'polarity': 'negative'}, {'term': 'headphone jack', 'polarity': 'negative'}]"
105,1287,"While it was highly rated, would I like it? I tried the keyboard at the store, and it seemed ok.","[{'term': 'keyboard', 'polarity': 'neutral'}]"
106,1288,"Treat yourself to a more expensive, long-lasting laptop of quality like a Sony, Apple, or Toshiba.","[{'term': 'quality', 'polarity': 'positive'}]"
107,1289,"I have had to call with a few questions or issues and they have helped me for free, even without the warranty.","[{'term': 'warranty', 'polarity': 'neutral'}]"
108,1290,Was searching online for a power supply when I found this site.,"[{'term': 'power supply', 'polarity': 'neutral'}]"
109,1291,"But to be honest, I don't use my computer for anything like graphics editing and complex data analysis and gaming.","[{'term': 'gaming', 'polarity': 'neutral'}, {'term': 'graphics editing', 'polarity': 'neutral'}, {'term': 'complex data analysis', 'polarity': 'neutral'}]"
110,1292,  I would  rather spend my money on a computer that costs more then a Toshiba that  isn't good at all.,"[{'term': 'costs', 'polarity': 'negative'}]"
111,1293,(No problem with the ordering or shipping by the way.,"[{'term': 'shipping', 'polarity': 'positive'}]"
112,1294,And the ram (the thing that makes it faster) comes sporting 2 gigs for high performance to handle more stuff at once and surf the web a whole lot faster than before.,"[{'term': 'ram', 'polarity': 'positive'}, {'term': 'performance', 'polarity': 'positive'}, {'term': 'surf the web', 'polarity': 'positive'}]"
113,1295,The one thing I wish it had was a detailed hardcopy manuel.,"[{'term': 'hardcopy manuel', 'polarity': 'negative'}]"
114,1296,"I edit and burn to DVD a lot of video, so I obviously could not live with a non-functioning drive.","[{'term': 'drive', 'polarity': 'negative'}]"
115,1297,"Fast, great visual!","[{'term': 'visual', 'polarity': 'positive'}]"
116,1298,It's priced very reasonable and works very well right out of the box.,"[{'term': 'priced', 'polarity': 'positive'}, {'term': 'works', 'polarity': 'positive'}]"
117,1299,You will need them if you want to reload the OS (I recommend doing if you can to start fresh and optimal).,"[{'term': 'OS', 'polarity': 'neutral'}]"
118,1300,"while the keyboard itself is alright, the plate around it is cheap plastic and makes a hollow sound when using the mouse command buttons.","[{'term': 'keyboard', 'polarity': 'positive'}, {'term': 'plate', 'polarity': 'negative'}, {'term': 'mouse command buttons', 'polarity': 'negative'}]"
119,1301,There are so many wonderful features and benefits to the new MacBook!,"[{'term': 'features', 'polarity': 'positive'}]"
120,1302,the mcbook pro notebook will make it easy for you to write and read your emails at blazing speeds.,"[{'term': 'speeds', 'polarity': 'positive'}]"
121,1303,The only thing i can say is that the touch pad doesnt work like it should all the time.,"[{'term': 'touch pad', 'polarity': 'negative'}]"
122,1304,"However, I love this particular Mac because its very fast, great size, and has fantastic features like the lighted keyboard and easy mouse pad.","[{'term': 'size', 'polarity': 'positive'}, {'term': 'features', 'polarity': 'positive'}, {'term': 'lighted keyboard', 'polarity': 'positive'}, {'term': 'mouse pad', 'polarity': 'positive'}]"
123,1305,Battery life needs more life.,"[{'term': 'Battery life', 'polarity': 'negative'}]"
124,1306,For some odd reasons the computer doesn't reconize the operation system.,"[{'term': 'operation system', 'polarity': 'negative'}]"
125,1307,The trackpad was easy to learn and navigate.,"[{'term': 'trackpad', 'polarity': 'positive'}]"
126,1308,"Applications open in seconds and there are no lags, hiccups or awkward moments when you wonder whether your computer is out for tea.","[{'term': 'Applications', 'polarity': 'positive'}]"
127,1309,I respond that I do not have the old computer and this way I would lose the data on my hard drive.,"[{'term': 'hard drive', 'polarity': 'negative'}]"
128,1310,Again in February my computer completely failed to the point that it could not load Windows so I contacted Acer to get it fixed thru my Warrenty and it took about 3 days fighting on the phone with agents and it seemed as though NONE of them spoke English.,"[{'term': 'Windows', 'polarity': 'neutral'}, {'term': 'Warrenty', 'polarity': 'neutral'}, {'term': 'agents', 'polarity': 'negative'}]"
129,1311,Even though the computer is larger they did not make the keyboard larger.,"[{'term': 'keyboard', 'polarity': 'negative'}]"
130,1312,We paid for the three year warranty and the extended warranty after that one ended as well.,"[{'term': 'three year warranty', 'polarity': 'neutral'}, {'term': 'extended warranty', 'polarity': 'neutral'}]"
131,1313,"Its not just slow on the internet, its slow in general.","[{'term': 'internet', 'polarity': 'negative'}]"
132,1314,It has just enough RAM to run smoothly and enough memory to satisfy my needs.,"[{'term': 'RAM', 'polarity': 'positive'}, {'term': 'memory', 'polarity': 'positive'}]"
133,1315,"I acually believe the issue is with the Nvidia grafics card, but still requires a return.","[{'term': 'Nvidia grafics card', 'polarity': 'negative'}]"
134,1316,My husband got me this for Chrismas after getting me a very expensve laptop that did not work after 2 days.,"[{'term': 'work', 'polarity': 'negative'}]"
135,1317,The resolution is even higher then any other laptop on the market.,"[{'term': 'resolution', 'polarity': 'positive'}]"
136,1318,"Then just the other day, my left ""mouse"" button snapped!","[{'term': 'left ""mouse"" button', 'polarity': 'negative'}]"
137,1319,It is VERY easy to type on and feels great - besides the added feature that the keyboard is lighted.,"[{'term': 'keyboard', 'polarity': 'positive'}, {'term': 'feature', 'polarity': 'positive'}, {'term': 'type', 'polarity': 'positive'}]"
138,1320,"Laptop is advertised as a 15"" but the casing looks like that of a 17"".","[{'term': 'casing', 'polarity': 'negative'}, {'term': '15""', 'polarity': 'neutral'}, {'term': '17""', 'polarity': 'neutral'}]"
139,1321,The feel of this machine compared to the old MacBook is far superior.,"[{'term': 'feel', 'polarity': 'positive'}]"
140,1322,"In due course, I'll remove the hard disc from this new MacBook Pro and dump it where it belongs - in the trash.","[{'term': 'hard disc', 'polarity': 'negative'}]"
141,1323,"They break down just as often as PCs do, and the only reason they don't get viruses, is because no one makes viruses for them, they're not better in any way, they are worse, try finding virus protection programs for a Mac, they don't exist.","[{'term': 'virus protection programs for a Mac', 'polarity': 'negative'}]"
142,1324,"But with A WAY Bigger Screen, and IS able to connect to an HDMI.","[{'term': 'Screen', 'polarity': 'positive'}, {'term': 'HDMI', 'polarity': 'neutral'}]"
143,1325,the graphics are awful and the wireless switch it at the top rather than the side which I am used to it being on the side.,"[{'term': 'graphics', 'polarity': 'negative'}, {'term': 'wireless switch', 'polarity': 'negative'}]"
144,1326,The overall build quality of the unit is excellent and she'd recommend it to anyone else looking for a netbook.,"[{'term': 'build quality', 'polarity': 'positive'}]"
145,1327,I guess he was the technical person.,"[{'term': 'technical person', 'polarity': 'neutral'}]"
146,1328,A seventy dollar mouse!,"[{'term': 'mouse', 'polarity': 'neutral'}]"
147,1329,"The repairs were made quickly though I must say, however the second time they shipped it to the incorrect address and it took nearly a week for them to get it to me.","[{'term': 'shipped', 'polarity': 'negative'}]"
148,1330,when i first got it i thought the size of it was a joke.,"[{'term': 'size', 'polarity': 'negative'}]"
149,1331,It is fast and i have not had a problem with internet connection or any other problems.,"[{'term': 'internet connection', 'polarity': 'positive'}]"
150,1332,I'm really impressed with the quality and performance for the price of the computer.,"[{'term': 'quality', 'polarity': 'positive'}, {'term': 'performance', 'polarity': 'positive'}, {'term': 'price', 'polarity': 'positive'}]"
151,1333,"But when I received my replacement, I made BOTH recovery DVDs (4), and a driver/application DVD.","[{'term': 'recovery DVDs', 'polarity': 'neutral'}, {'term': 'driver/application DVD', 'polarity': 'neutral'}]"
152,1334,"In addition, there is photo detection software that will allow you to group all the photos together based upon the people in the picture.","[{'term': 'photo detection software', 'polarity': 'positive'}]"
153,1335,The speakers are terrible and are probably the cheapest ones I have ever seen in a laptop so if your planning to listen to music I suggest you get something better.,"[{'term': 'speakers', 'polarity': 'negative'}]"
154,1336,"So then you may be lucky to get ahold to someone who understands that its no good and they will let you send it back, but of course you are taking a chance of them testing it out to see what has happened, and they tell you that it was not on their side , then you are stuck paying for the repair (the price of a new one).","[{'term': 'price', 'polarity': 'negative'}]"
155,1337,"It is so simple to use, I use it more than my desktop.","[{'term': 'use', 'polarity': 'positive'}]"
156,1338,I also had a problem with the touchpad that caused the mouse pointer to jump all over the screen.,"[{'term': 'touchpad', 'polarity': 'negative'}, {'term': 'screen', 'polarity': 'neutral'}, {'term': 'mouse pointer', 'polarity': 'negative'}]"
157,1339,I have had no problems with it unlike some hardware defects on past models.,"[{'term': 'hardware', 'polarity': 'negative'}]"
158,1340,"EITHER WAY, THE KEYBOARD IS UNSATISFACTORY.","[{'term': 'KEYBOARD', 'polarity': 'negative'}]"
159,1341,"Well, I have to say since I bought my Mac, I won't ever go back to any Windows.","[{'term': 'Windows', 'polarity': 'negative'}]"
160,1342,"I took it in to the Apple store and guess what? They fixed it, no cost out of pocket.","[{'term': 'cost', 'polarity': 'negative'}]"
161,1343,"The quality, engineering design and warranty are superior--covers damage from dropping the laptop.","[{'term': 'quality', 'polarity': 'positive'}, {'term': 'engineering design', 'polarity': 'positive'}, {'term': 'warranty', 'polarity': 'positive'}]"
162,1344,"The applications are also very easy to find and maneuver, much easier than any other computer I have ever owned.","[{'term': 'applications', 'polarity': 'positive'}]"
163,1345,The large screen gives you the option to comfortably watch movies or TV shows on your computer instead of buying an additional TV for your dorm room.,"[{'term': 'screen', 'polarity': 'positive'}]"
164,1346,"Great laptop for school, easy to use for beginners in the household.","[{'term': 'use', 'polarity': 'positive'}]"
165,1347,"4) Laptop still did not work, blue screen within a week...","[{'term': 'work', 'polarity': 'negative'}]"
166,1348,"The only thing that isn't perfect about this netbook is the speakers, they are not loud at all but I expected that.","[{'term': 'speakers', 'polarity': 'negative'}]"
167,1349,"Of course, I inspected the other netbooks and clearly their hinges are tighter and I even demonstrate the difference between my netbook and others.","[{'term': 'hinges', 'polarity': 'negative'}]"
168,1350,Not to mention the fact that your mac comes fully loaded with all necessary basic programs.,"[{'term': 'programs', 'polarity': 'positive'}]"
169,1351,Didn't work when shipped from Walmart.com but went into a store and exchanged for a working laptop (same make/model).,"[{'term': 'work', 'polarity': 'negative'}]"
170,1352,If this is an improvement in Customer Service then I would hate too see what it was before!,"[{'term': 'Customer Service', 'polarity': 'negative'}]"
171,1353,"All of the programs (Keynote, Pages, Numbers) have an option to save your documents as Microsoft compatible, which really eliminates the need for the actual.","[{'term': 'programs', 'polarity': 'positive'}, {'term': 'Keynote', 'polarity': 'neutral'}, {'term': 'Pages', 'polarity': 'neutral'}, {'term': 'Numbers', 'polarity': 'neutral'}]"
172,1354,"Sure, the initial out of pocket expense is greater, but that should not dissuade anyone from the fact that these machines run like none other on the planet, and when I factor in all the money in that I wasted on Geek Squad and the latest patches to de-corrupt my infested PCs, it probably comes out about even anyhow.","[{'term': 'expense', 'polarity': 'negative'}, {'term': 'run', 'polarity': 'positive'}]"
173,1355,"The best thing to do is build your own computer, but if u can't company's like dell who allow you to choose the components are better and for the same price you can get a computer who compares to one of apple $2000 systems and if you google ""dell coupons"" you can find codes that take a signifant  amount off the price.","[{'term': 'components', 'polarity': 'positive'}, {'term': 'price', 'polarity': 'positive'}, {'term': 'price', 'polarity': 'positive'}]"
174,1356,"There is no cd drive on the computer, which defeats the purpose of keeping files on a cd.","[{'term': 'cd drive', 'polarity': 'negative'}]"
175,1357,For me I was lucky and a local store was selling them for $2000 off and Best Buy matched their price so I was able to buy one for under $1000,"[{'term': 'price', 'polarity': 'positive'}]"
176,1358,"Unfortunately, Apple's quality has continued to slide.","[{'term': 'quality', 'polarity': 'negative'}]"
177,1359,I believe that the quality of a mac is worth the price.,"[{'term': 'quality', 'polarity': 'positive'}, {'term': 'price', 'polarity': 'positive'}]"
178,1360,sometimes you will be moving your finger and the pointer will not even move.,"[{'term': 'pointer', 'polarity': 'negative'}]"
179,1361,"I would rate this computer at 5 stars, but considering it has a short life span I can only give it 1 and implore anyone looking at laptops to stay away from this machine.","[{'term': 'life span', 'polarity': 'negative'}]"
180,1362,"I also love the design, the looks, the feel, and the my toshiba feature is wonderfull.","[{'term': 'design', 'polarity': 'positive'}, {'term': 'looks', 'polarity': 'positive'}, {'term': 'feel', 'polarity': 'positive'}, {'term': 'my toshiba feature', 'polarity': 'positive'}]"
181,1363,The layout of the MacBook is horrible and confusing;,"[{'term': 'layout', 'polarity': 'negative'}]"
182,1364,Was not happy with one of the programs on it.,"[{'term': 'one of the programs', 'polarity': 'negative'}]"
183,1365,"Also it is very good for college students who just need a reliable, easy to use computer.","[{'term': 'use', 'polarity': 'positive'}]"
184,1366,The first one sent: Touchpad didn't work The second sent: USB didn't work The third sent: Touchpad didn't work The fourth sent: Hasn't arrived yet.,"[{'term': 'Touchpad', 'polarity': 'negative'}, {'term': 'USB', 'polarity': 'negative'}, {'term': 'Touchpad', 'polarity': 'negative'}]"
185,1367,"Only other thing is that if you are using this for document creation Apple doesnt provide any kind of word processor (such as works for windows), but iwork is cheap compared to office.","[{'term': 'iwork', 'polarity': 'positive'}, {'term': 'office', 'polarity': 'negative'}, {'term': 'word processor', 'polarity': 'negative'}, {'term': 'windows', 'polarity': 'neutral'}, {'term': 'document creation', 'polarity': 'neutral'}]"
186,1368,It is light and the battery last a very long time.,"[{'term': 'battery', 'polarity': 'positive'}]"
187,1369,"  And at one point, they blame me for installing a bad memory stick when I upgrade my memory for the first time during my purchase of the laptop (I bought the memory stick they recomended).","[{'term': 'memory', 'polarity': 'neutral'}, {'term': 'memory stick', 'polarity': 'negative'}, {'term': 'memory stick', 'polarity': 'neutral'}]"
188,1370,"Externally the keys on my keyboard are falling off, after a few uses the paint is rubbing off the button below the mouse pad and where the heals of my hands sit, and the screen has a terrible glare.","[{'term': 'keys', 'polarity': 'negative'}, {'term': 'keyboard', 'polarity': 'negative'}, {'term': 'button below the mouse pad', 'polarity': 'negative'}, {'term': 'screen', 'polarity': 'negative'}, {'term': 'paint', 'polarity': 'negative'}]"
189,1371,The next time I had an issue my lightscribe wouldn't work.,"[{'term': 'lightscribe', 'polarity': 'negative'}]"
190,1372,"The touchpad is extremely sensitive, which is the only drawback.","[{'term': 'touchpad', 'polarity': 'negative'}]"
191,1373,also it comes with very useful applications like iphoto that it is the best photo application i have ever had,"[{'term': 'applications', 'polarity': 'positive'}, {'term': 'iphoto', 'polarity': 'positive'}, {'term': 'photo application', 'polarity': 'positive'}]"
192,1374,"They don t translate from a Mac, even on Word, resulting in a ton of run-on sentences.","[{'term': 'Word', 'polarity': 'negative'}]"
193,1375,"The acer one computer that I bought is 17 ince screen and its hard to find lap top bags for it, but I like the big screen on it.","[{'term': '17 ince screen', 'polarity': 'neutral'}, {'term': 'screen', 'polarity': 'positive'}]"
194,1376,Summary: They played games with me for the warranty period.,"[{'term': 'warranty period', 'polarity': 'negative'}]"
195,1377,"In November my computer messed up entirely and wouldn't power on after intalling a Windows update, I had to have my HD flashed and lost EVERYTHING on it, including my school assignments and irriplaceable pictures that were only in digital format and several other things, when this update was installed for some reason I was unable to roll back the drivers and everything to an earlier working condition because when the update was installed it deleted my history.","[{'term': 'HD', 'polarity': 'negative'}, {'term': 'drivers', 'polarity': 'negative'}, {'term': 'Windows update', 'polarity': 'neutral'}]"
196,1378,I can have both OSX and Windows XP running at the same time!,"[{'term': 'OSX', 'polarity': 'positive'}, {'term': 'Windows XP', 'polarity': 'positive'}]"
197,1379,"Overall : Poor, Features: Average, Performance: Poor, Battery Life: Excellent, Price-Value: Poor","[{'term': 'Features', 'polarity': 'neutral'}, {'term': 'Performance', 'polarity': 'negative'}, {'term': 'Battery Life', 'polarity': 'positive'}, {'term': 'Price', 'polarity': 'negative'}, {'term': 'Value', 'polarity': 'negative'}]"
198,1380,Microsoft seems to be unable to keep up with repairs for the multitude of windows problems.,"[{'term': 'windows', 'polarity': 'negative'}]"
199,1381,The graphics are stunning.,"[{'term': 'graphics', 'polarity': 'positive'}]"
200,1382,"(I found a 2GB stick for a bit under $50) Nice and portable and definitely a decent enough system to keep you entertained while sitting in the airplane for a couple of hours, or at the hotel taking care of some last minute details and documents.","[{'term': 'system', 'polarity': 'positive'}]"
201,1383,after much effort and 10 days ASUS replaced itThe WiFi is very weak.,"[{'term': 'WiFi', 'polarity': 'negative'}]"
202,1384,You can call HP and they want you to buy more software to fix it.,"[{'term': 'software', 'polarity': 'neutral'}]"
203,1385,It is easy to navigate and update programs.,"[{'term': 'update programs', 'polarity': 'neutral'}, {'term': 'navigate', 'polarity': 'positive'}]"
204,1386,", Applications respond immediately (not like the tired MS applications).","[{'term': 'Applications', 'polarity': 'positive'}, {'term': 'MS applications', 'polarity': 'negative'}]"
205,1387,"All in all, a very disappointing experience except that I learned how good the Geek Squad is and also Customer Service.","[{'term': 'Customer Service', 'polarity': 'positive'}]"
206,1388,"The only drawback for me is how dirty the screen gets, and rather quickly too.","[{'term': 'screen', 'polarity': 'negative'}]"
207,1389,"The laptop is very lightweight, can easily carry around in a knapsack full of text books and it barely adds any weight.","[{'term': 'carry', 'polarity': 'positive'}, {'term': 'weight', 'polarity': 'positive'}]"
208,1390,"Seems to slow down occassionally but can run many applications (ie Internet tabs, programs, etc) simultaneously.","[{'term': 'applications', 'polarity': 'positive'}, {'term': 'programs', 'polarity': 'neutral'}, {'term': 'Internet tabs', 'polarity': 'positive'}]"
209,1391,I also did not like the loud noises it made or how the bottom of the computer would get really hot.,"[{'term': 'noises', 'polarity': 'negative'}, {'term': 'bottom of the computer', 'polarity': 'negative'}]"
210,1392,I had in the past a Dell laptop and they sent me the items it needed or they sent a repair technician to my house to fix it.,"[{'term': 'repair technician', 'polarity': 'positive'}]"
211,1393,defective software.,"[{'term': 'software', 'polarity': 'negative'}]"
212,1394,This computer was so challenging to carry and handle.,"[{'term': 'carry', 'polarity': 'negative'}, {'term': 'handle', 'polarity': 'negative'}]"
213,1395,Cords coming out the right for power plus cords coming out front for headphones/mic plus network connection on left make for a very messy setup with cords going every direction.,"[{'term': 'Cords', 'polarity': 'negative'}, {'term': 'power', 'polarity': 'negative'}, {'term': 'headphones', 'polarity': 'negative'}, {'term': 'mic', 'polarity': 'negative'}, {'term': 'network connection', 'polarity': 'negative'}, {'term': 'setup', 'polarity': 'negative'}, {'term': 'cords', 'polarity': 'negative'}, {'term': 'cords', 'polarity': 'negative'}]"
214,1396,Unless you want to be inconvenienced with a non working power supply which you can't find a replacement for because they made the attachment so small.,"[{'term': 'power supply', 'polarity': 'negative'}]"
215,1397,It is much faster than my desktop which is a Core2 Quad running at 2.83 GHz.,"[{'term': 'Core2 Quad', 'polarity': 'neutral'}]"
216,1398,It is good to know that I can mobilize without having to worry about the battery life.,"[{'term': 'battery life', 'polarity': 'positive'}]"
217,1399,"The screen is nice, side view angles are pretty good.","[{'term': 'screen', 'polarity': 'positive'}]"
218,1400,"The fact that the screen reacts to the lighting around you is an added luxury-when you are working around others in dark areas and want privacy or don't want to bother them with bright lighting, it is very convenient to have a darker, softer lit screen.","[{'term': 'screen', 'polarity': 'positive'}, {'term': 'screen', 'polarity': 'positive'}]"
219,1401,3 weeks went by and the computer keeps crashing and will not open any applications.,"[{'term': 'applications', 'polarity': 'neutral'}]"
220,1402,Not to mention sometimes the whole charger unit will decide not to work entirely.,"[{'term': 'charger unit', 'polarity': 'negative'}]"
221,1403,"Looks nice, but has a horribly cheap feel.","[{'term': 'feel', 'polarity': 'negative'}, {'term': 'Looks', 'polarity': 'positive'}]"
222,1404,"I have other computers that get strong signals that don't drop in places that this ""net""book loses its signal.","[{'term': 'signals', 'polarity': 'positive'}, {'term': 'signal', 'polarity': 'negative'}]"
223,1405,"The feel of this is better than the Toshiba, too.","[{'term': 'feel', 'polarity': 'positive'}]"
224,1406,I would recommend this laptop to anyone looking to get a new laptop who is willing to spend a little more money to get great quality!,"[{'term': 'quality', 'polarity': 'positive'}]"
225,1407,"I upgraded the memory and replaced the base Windows 7 Starter to Win 7 Home, and it runs just fine.","[{'term': 'memory', 'polarity': 'neutral'}, {'term': 'Windows 7 Starter', 'polarity': 'neutral'}, {'term': 'Win 7 Home', 'polarity': 'neutral'}, {'term': 'runs', 'polarity': 'positive'}]"
226,1408,"I am not sure if it was the drive itself, however;","[{'term': 'drive', 'polarity': 'neutral'}]"
227,1409,"Also, one of the users mentioned how the edges on the macbook is sharp, if you have money to spend on one of the incase shells, it doesn't seem to be a problem.","[{'term': 'edges', 'polarity': 'negative'}, {'term': 'incase shells', 'polarity': 'positive'}]"
228,1410,"It is easy to use, its keyboard easily accommodates large hands, and its weight is fantasic.","[{'term': 'keyboard', 'polarity': 'positive'}, {'term': 'weight', 'polarity': 'positive'}, {'term': 'use', 'polarity': 'positive'}]"
229,1411,"Called Acer many times, they want me to pay the shipping to ship it to their repair center - I was very disappointed since it is a brand new computer!","[{'term': 'shipping', 'polarity': 'negative'}, {'term': 'repair center', 'polarity': 'neutral'}]"
230,1412,I should have checked this before I installed my applications.,"[{'term': 'applications', 'polarity': 'neutral'}]"
231,1413,The battery is really long.,"[{'term': 'battery', 'polarity': 'positive'}]"
232,1414,"Anyway, in early July of this year, the DVD burner stopped working, and the computer stared having issues with power supply.","[{'term': 'DVD burner', 'polarity': 'negative'}, {'term': 'power supply', 'polarity': 'negative'}]"
233,1415,Had some trouble finding a case that it would fit in.,"[{'term': 'case', 'polarity': 'negative'}]"
234,1416,This computer that I have has had issues with the keyboard where it lost half the keyboard functions.,"[{'term': 'keyboard', 'polarity': 'negative'}, {'term': 'keyboard functions', 'polarity': 'negative'}]"
235,1417,Comes with iMovie;,"[{'term': 'iMovie', 'polarity': 'positive'}]"
236,1418,COMPUTER HAS BEEN AT SERVICE FACILITY MORE THAN IN MY HANDS.,"[{'term': 'SERVICE FACILITY', 'polarity': 'negative'}]"
237,1419,When I called Sony the Customer Service was Great.,"[{'term': 'Customer Service', 'polarity': 'positive'}]"
238,1420,  even though I had the receipt in front of me proving it still had 2 months left on the warranty.,"[{'term': 'warranty', 'polarity': 'negative'}]"
239,1421,"It is a much more streamlined system for adding programs, using the internet, and doing other things everyone does on a computer.","[{'term': 'programs', 'polarity': 'neutral'}, {'term': 'system', 'polarity': 'positive'}, {'term': 'using the internet', 'polarity': 'neutral'}]"
240,1422,"My computer froze on several occasion, had buttons that randomely would fall off and even had moments when the computer would refuse to turn on at all.","[{'term': 'buttons', 'polarity': 'negative'}]"
241,1423,Not even safe mode boots.,"[{'term': 'safe mode', 'polarity': 'negative'}]"
242,1424,"This is an over-sized, 18-inch laptop.","[{'term': '18-inch', 'polarity': 'negative'}]"
243,1425,I had to pay $100 for a universal charger for this cheap $300 laptop.,"[{'term': 'universal charger', 'polarity': 'negative'}]"
244,1426,The powerpoint opened seamlessly in the apple and the mac hooked up to the projector so easily it was almost scary.,"[{'term': 'powerpoint', 'polarity': 'positive'}]"
245,1427,1.You can not change your desktop background (window's 7 starter does NOT support that function).,"[{'term': 'desktop background', 'polarity': 'negative'}, {'term': ""window's 7 starter"", 'polarity': 'negative'}, {'term': 'function', 'polarity': 'negative'}]"
246,1428,"Took me 11 hours, 3 trips to different FedEx offices, and brutal conversations with 14 of the worse IT support technicians in the world.","[{'term': 'IT support technicians', 'polarity': 'negative'}]"
247,1429,"As usual at customer service center, she asked me to hold for a moment while she went to the back-office and compare it with other same model netbooks and discussed it with her colleague (I could see them).","[{'term': 'customer service center', 'polarity': 'negative'}]"
248,1430,The screen gets smeary and dusty very quickly and it's very noticeable.,"[{'term': 'screen', 'polarity': 'negative'}]"
249,1431,Strengths:Well-shaped Weaknesses:A bad videocard!,"[{'term': 'videocard', 'polarity': 'negative'}, {'term': 'shaped', 'polarity': 'positive'}]"
250,1432,You can't even get a satellite card which is why I bought to begin with.,"[{'term': 'satellite card', 'polarity': 'negative'}]"
251,1433,"The battery life, before the battery completely died of course, left much to be desired.","[{'term': 'battery life', 'polarity': 'negative'}, {'term': 'battery', 'polarity': 'negative'}]"
252,1434,"It is a REAL touchpad, not the toy I saw in other brands.","[{'term': 'touchpad', 'polarity': 'positive'}]"
253,1435,"Long story, but after many calls to various  offices, I was told that no one can override the depot and that managers  don't take phone calls or e/mails.","[{'term': 'depot', 'polarity': 'neutral'}]"
254,1436,Price and purpose is awesome!,"[{'term': 'Price', 'polarity': 'positive'}]"
255,1437,Wonderful zooming.,"[{'term': 'zooming', 'polarity': 'positive'}]"
256,1438,"The screen is huge and coloful, but no LED backlighting.","[{'term': 'screen', 'polarity': 'positive'}]"
257,1439,"In all honesty, if someone is looking for a quality laptop and willing to pay a little more money for a normal sized laptop than a cheaper and less impressive laptop, then do not buy this computer.","[{'term': 'sized', 'polarity': 'neutral'}]"
258,1440,Everything about this computer is easy to use.,"[{'term': 'use', 'polarity': 'positive'}]"
259,1441,"  Worse, for the price I could get a *netbook* that outperforms this machine.","[{'term': 'price', 'polarity': 'negative'}]"
260,1442,It had most of the features and all of the power that I wanted to replace my desktop machine.,"[{'term': 'features', 'polarity': 'positive'}, {'term': 'power', 'polarity': 'positive'}]"
261,1443,Keyboard was also very nice and had a solid feel.,"[{'term': 'Keyboard', 'polarity': 'positive'}]"
262,1444,It did not have all the features I expected it to have.,"[{'term': 'features', 'polarity': 'negative'}]"
263,1445,"No luck, although I waited for hours on the phone-Visited MacHouse, they stated the their call center is down due to too many phonecalls (difficult to believe).","[{'term': 'call center', 'polarity': 'negative'}]"
264,1446,There is a backlit keyboard which is perfect for typing in the dark.,"[{'term': 'backlit keyboard', 'polarity': 'positive'}]"
265,1447,It has a lot of memory and a great battery life.,"[{'term': 'memory', 'polarity': 'positive'}, {'term': 'battery life', 'polarity': 'positive'}]"
266,1448,"I spoke with a service rep at Micro Center and his girlfriend is having the same problem with her power adapter, so it's not just an isolated incident!!!","[{'term': 'service rep', 'polarity': 'neutral'}, {'term': 'power adapter', 'polarity': 'negative'}]"
267,1449,"I love this program, it is superior to windows movie maker.","[{'term': 'program', 'polarity': 'positive'}, {'term': 'windows movie maker', 'polarity': 'negative'}]"
268,1450,He has replaced his hard drive twice and (of course) has had to pay for antivirus software every year.,"[{'term': 'hard drive', 'polarity': 'negative'}, {'term': 'antivirus software', 'polarity': 'negative'}]"
269,1451,"This purchase opened me to the world of Macbooks, and I am impressed with the intuition of the design, the beauty of the product, and the excellent technological advances associated with it.","[{'term': 'design', 'polarity': 'positive'}, {'term': 'beauty', 'polarity': 'positive'}]"
270,1452,"The price is great for this model, I only plan on using it for media in the entertainment room.","[{'term': 'price', 'polarity': 'positive'}]"
271,1453,It seemed to be a very nice laptop except I was not able to load my Garmin GPS software or Microsoft Office 2003.,"[{'term': 'Garmin GPS software', 'polarity': 'negative'}, {'term': 'Microsoft Office 2003', 'polarity': 'negative'}]"
272,1454,I've also had to have the keyboard replaced at my expense.,"[{'term': 'keyboard', 'polarity': 'negative'}]"
273,1455,"I had the staff telling me older version did not make the fan noise cause it is a ""different"" computer.","[{'term': 'staff', 'polarity': 'negative'}, {'term': 'fan noise', 'polarity': 'negative'}]"
274,1456,Was very much worth the price i paid.,"[{'term': 'price', 'polarity': 'positive'}]"
275,1457,Even out of warranty!,"[{'term': 'warranty', 'polarity': 'neutral'}]"
276,1458,This is a great little computer for the price.,"[{'term': 'price', 'polarity': 'positive'}]"
277,1459,"Crisp screen, great battery life, and plenty of storage.","[{'term': 'screen', 'polarity': 'positive'}, {'term': 'battery life', 'polarity': 'positive'}, {'term': 'storage', 'polarity': 'positive'}]"
278,1460,"All apple associates are always wiling to help you out with anything, no matter when you purchased the computer and how many years passed.","[{'term': 'apple associates', 'polarity': 'positive'}]"
279,1461,"Also, my sister got the exact same laptop (since they were so cheap) and after 8 months, the screen split in half just from everyday use.","[{'term': 'screen', 'polarity': 'negative'}]"
280,1462,The Toshiba Satellite has been more than I expected for the price.,"[{'term': 'price', 'polarity': 'positive'}]"
281,1463,"I had to adjust my mousepad sensitivity, because it is very sensitive.","[{'term': 'mousepad sensitivity', 'polarity': 'negative'}]"
282,1464,"I wish iWork or MS Office came with the Mac, but MS Office doesn't even come with most pc laptops.","[{'term': 'iWork', 'polarity': 'negative'}, {'term': 'MS Office', 'polarity': 'negative'}, {'term': 'MS Office', 'polarity': 'negative'}]"
283,1465,Keyboard is plastic and spongey feeling.,"[{'term': 'Keyboard', 'polarity': 'negative'}]"
284,1466,"previous laptops were pc's, still have them, but the mac osx is a clean and smooth operating system.","[{'term': 'mac osx', 'polarity': 'positive'}, {'term': 'operating system', 'polarity': 'positive'}]"
285,1467,i also love having the extra calculator number set up on the keyboard which most laptops do not have.,"[{'term': 'keyboard', 'polarity': 'positive'}]"
286,1468,Because he said that the hinge is under the motherboard and they have to dismantle the whole thing before it can be tightened.,"[{'term': 'hinge', 'polarity': 'negative'}, {'term': 'motherboard', 'polarity': 'neutral'}]"
287,1469,You can do it all on this bad boy but the main thing this netbook was desinged for was surfing the web and boy o boy does it ever.,"[{'term': 'surfing the web', 'polarity': 'positive'}]"
288,1470,"I love my Apple, it is quick and easy to use.","[{'term': 'use', 'polarity': 'positive'}]"
289,1471,With notes saying they replaced the hard drive.,"[{'term': 'hard drive', 'polarity': 'neutral'}]"
290,1472,"The laptop is relatively simple to use, though I bought  Macs for Dummies,  which is well worth $2","[{'term': 'use', 'polarity': 'positive'}]"
291,1473,"Can't close the 2nd HDD bay since there are brackets you have to break off (even then, it still doesn't shut) That could be a major flaw for the dual HDD user.","[{'term': 'HDD bay', 'polarity': 'negative'}]"
292,1474,No tutorials on the display.,"[{'term': 'tutorials', 'polarity': 'negative'}]"
293,1475,"The leather carrying case, keyboard and mouse arrived in two days from Memphis warehouse.","[{'term': 'leather carrying case', 'polarity': 'neutral'}, {'term': 'keyboard', 'polarity': 'neutral'}, {'term': 'mouse', 'polarity': 'neutral'}]"
294,1476,The touch pad is among the best.,"[{'term': 'touch pad', 'polarity': 'positive'}]"
295,1477,"Thus, when you carry it at a slanted angle, the screen will ""topple"" or ""slide"" down, if you understand what I mean.","[{'term': 'screen', 'polarity': 'negative'}]"
296,1478,It's now all commodity hardware.,"[{'term': 'commodity hardware', 'polarity': 'neutral'}]"
297,1479,"We also use Paralles so we can run virtual machines of Windows XP Professional, Windows 7 Home Premium, Windows Server Enterprise 2003, and Windows Server 2008 Enterprise.","[{'term': 'Paralles', 'polarity': 'neutral'}, {'term': 'Windows XP Professional', 'polarity': 'neutral'}, {'term': 'Windows 7 Home Premium', 'polarity': 'neutral'}, {'term': 'Windows Server Enterprise 2003', 'polarity': 'neutral'}, {'term': 'Windows Server 2008 Enterprise', 'polarity': 'neutral'}]"
298,1480,"How Toshiba handles the repair seems to vary, some folks  indicate that they were charged for even an intial fix, others had the  repair done 5 times.","[{'term': 'repair', 'polarity': 'conflict'}, {'term': 'repair', 'polarity': 'positive'}]"
299,1481,I would like to use a different operating system altogether.,"[{'term': 'operating system', 'polarity': 'neutral'}]"
